姓名,年龄,城市,职业,备注
张三,22,北京,工程师,普通员工
李四,23,上海,设计师,这是一段比较长的备注信息用于测试文本截断功能
王五,24,广州,产品经理,优秀
赵六,25,深圳,测试,这是一段非常非常非常非常非常非常非常非常非常长的备注信息，用于测试当单元格内容超出最大宽度时tooltip是否能正常显示完整内容
孙七,26,杭州,运维,新人
周八,27,成都,架构师,资深
吴九,28,武汉,数据分析师,待定
郑十,29,南京,前端开发,已离职但是保留记录以备后续查询使用
钱十一,30,西安,后端开发,实习生转正中
陈十二,31,重庆,全栈,
张三1,32,北京,工程师,普通员工
李四1,33,上海,设计师,这是一段比较长的备注信息用于测试文本截断功能
王五1,34,广州,产品经理,优秀
赵六1,35,深圳,测试,这是一段非常非常非常非常非常非常非常非常非常长的备注信息，用于测试当单元格内容超出最大宽度时tooltip是否能正常显示完整内容
孙七1,36,杭州,运维,新人
周八1,37,成都,架构师,资深
吴九1,38,武汉,数据分析师,待定
郑十1,39,南京,前端开发,已离职但是保留记录以备后续查询使用
钱十一1,40,西安,后端开发,实习生转正中
陈十二1,41,重庆,全栈,
张三2,42,北京,工程师,普通员工
李四2,43,上海,设计师,这是一段比较长的备注信息用于测试文本截断功能
王五2,44,广州,产品经理,优秀
赵六2,45,深圳,测试,这是一段非常非常非常非常非常非常非常非常非常长的备注信息，用于测试当单元格内容超出最大宽度时tooltip是否能正常显示完整内容
孙七2,46,杭州,运维,新人
周八2,47,成都,架构师,资深
吴九2,48,武汉,数据分析师,待定
郑十2,49,南京,前端开发,已离职但是保留记录以备后续查询使用
钱十一2,50,西安,后端开发,实习生转正中
陈十二2,51,重庆,全栈,
张三3,22,北京,工程师,普通员工
李四3,23,上海,设计师,这是一段比较长的备注信息用于测试文本截断功能
王五3,24,广州,产品经理,优秀
赵六3,25,深圳,测试,这是一段非常非常非常非常非常非常非常非常非常长的备注信息，用于测试当单元格内容超出最大宽度时tooltip是否能正常显示完整内容
孙七3,26,杭州,运维,新人
周八3,27,成都,架构师,资深
吴九3,28,武汉,数据分析师,待定
郑十3,29,南京,前端开发,已离职但是保留记录以备后续查询使用
钱十一3,30,西安,后端开发,实习生转正中
陈十二3,31,重庆,全栈,
张三4,32,北京,工程师,普通员工
李四4,33,上海,设计师,这是一段比较长的备注信息用于测试文本截断功能
王五4,34,广州,产品经理,优秀
赵六4,35,深圳,测试,这是一段非常非常非常非常非常非常非常非常非常长的备注信息，用于测试当单元格内容超出最大宽度时tooltip是否能正常显示完整内容
孙七4,36,杭州,运维,新人
周八4,37,成都,架构师,资深
吴九4,38,武汉,数据分析师,待定
郑十4,39,南京,前端开发,已离职但是保留记录以备后续查询使用
钱十一4,40,西安,后端开发,实习生转正中
陈十二4,41,重庆,全栈,
张三5,42,北京,工程师,普通员工
李四5,43,上海,设计师,这是一段比较长的备注信息用于测试文本截断功能
王五5,44,广州,产品经理,优秀
赵六5,45,深圳,测试,这是一段非常非常非常非常非常非常非常非常非常长的备注信息，用于测试当单元格内容超出最大宽度时tooltip是否能正常显示完整内容
孙七5,46,杭州,运维,新人
周八5,47,成都,架构师,资深
吴九5,48,武汉,数据分析师,待定
郑十5,49,南京,前端开发,已离职但是保留记录以备后续查询使用
钱十一5,50,西安,后端开发,实习生转正中
陈十二5,51,重庆,全栈,
张三6,22,北京,工程师,普通员工
李四6,23,上海,设计师,这是一段比较长的备注信息用于测试文本截断功能
王五6,24,广州,产品经理,优秀
赵六6,25,深圳,测试,这是一段非常非常非常非常非常非常非常非常非常长的备注信息，用于测试当单元格内容超出最大宽度时tooltip是否能正常显示完整内容
孙七6,26,杭州,运维,新人
周八6,27,成都,架构师,资深
吴九6,28,武汉,数据分析师,待定
郑十6,29,南京,前端开发,已离职但是保留记录以备后续查询使用
钱十一6,30,西安,后端开发,实习生转正中
陈十二6,31,重庆,全栈,
张三7,32,北京,工程师,普通员工
李四7,33,上海,设计师,这是一段比较长的备注信息用于测试文本截断功能
王五7,34,广州,产品经理,优秀
赵六7,35,深圳,测试,这是一段非常非常非常非常非常非常非常非常非常长的备注信息，用于测试当单元格内容超出最大宽度时tooltip是否能正常显示完整内容
孙七7,36,杭州,运维,新人
周八7,37,成都,架构师,资深
吴九7,38,武汉,数据分析师,待定
郑十7,39,南京,前端开发,已离职但是保留记录以备后续查询使用
钱十一7,40,西安,后端开发,实习生转正中
陈十二7,41,重庆,全栈,
张三8,42,北京,工程师,普通员工
李四8,43,上海,设计师,这是一段比较长的备注信息用于测试文本截断功能
王五8,44,广州,产品经理,优秀
赵六8,45,深圳,测试,这是一段非常非常非常非常非常非常非常非常非常长的备注信息，用于测试当单元格内容超出最大宽度时tooltip是否能正常显示完整内容
孙七8,46,杭州,运维,新人
周八8,47,成都,架构师,资深
吴九8,48,武汉,数据分析师,待定
郑十8,49,南京,前端开发,已离职但是保留记录以备后续查询使用
钱十一8,50,西安,后端开发,实习生转正中
陈十二8,51,重庆,全栈,
张三9,22,北京,工程师,普通员工
李四9,23,上海,设计师,这是一段比较长的备注信息用于测试文本截断功能
王五9,24,广州,产品经理,优秀
赵六9,25,深圳,测试,这是一段非常非常非常非常非常非常非常非常非常长的备注信息，用于测试当单元格内容超出最大宽度时tooltip是否能正常显示完整内容
孙七9,26,杭州,运维,新人
周八9,27,成都,架构师,资深
吴九9,28,武汉,数据分析师,待定
郑十9,29,南京,前端开发,已离职但是保留记录以备后续查询使用
钱十一9,30,西安,后端开发,实习生转正中
陈十二9,31,重庆,全栈,
